[ {
  "id" : 1,
  "name" : "Ob1",
  "art" : {
    "type" : "virvellos",
    "name" : "Jellyfish",
    "latinName" : "Jellu fishu",
    "vannBasert" : true,
    "antall_bein" : 7
  },
  "lokasjon" : {
    "type" : "Lokasjon",
    "name" : "RÃ¸de Hav",
    "lengde" : 345.0,
    "bredde" : 456.0,
    "biom" : {
      "type" : "Hav"
    },
    "planet" : {
      "name" : "Mercury"
    }
  },
  "timestamp" : "2019-03-12T17:34:00",
  "antall" : 3,
  "bilde" : "https://external-content.duckduckgo.com/iu/?u=https%3A%2F%2Fwww.leisurepro.com%2Fblog%2Fwp-content%2Fuploads%2F2017%2F05%2Fshutterstock_480784465-1366x800.jpg&f=1&nofb=1",
  "kommentar" : "Vanlig fenomen"
}, {
  "id" : 2,
  "name" : "ob2",
  "art" : {
    "type" : "amfibi",
    "name" : "Poison dart frog",
    "latinName" : "Dendrobatidae",
    "antall_bein" : 4,
    "giftig" : true
  },
  "lokasjon" : {
    "type" : "Lokasjon",
    "name" : "Frosk",
    "lengde" : 456.0,
    "bredde" : 456.0,
    "biom" : {
      "type" : "Skog"
    },
    "planet" : {
      "name" : "Earth"
    }
  },
  "timestamp" : "2003-06-03T13:33:00",
  "antall" : 1,
  "bilde" : "https://upload.wikimedia.org/wikipedia/commons/0/0e/Blue-poison.dart.frog.and.Yellow-banded.dart.frog.arp.jpg",
  "kommentar" : "Veldig farlig!!"
}, {
  "id" : 3,
  "name" : "ob3",
  "art" : {
    "type" : "virvellos",
    "name" : "Cat Snail",
    "latinName" : "snogle",
    "vannBasert" : false,
    "antall_bein" : 0
  },
  "lokasjon" : {
    "type" : "Lokasjon",
    "name" : "Hypokopus",
    "lengde" : 1200.0,
    "bredde" : 2.0,
    "biom" : {
      "type" : "Orken"
    },
    "planet" : {
      "name" : "Mars"
    }
  },
  "timestamp" : "1993-11-13T22:12:00",
  "antall" : 6,
  "bilde" : "https://external-content.duckduckgo.com/iu/?u=http%3A%2F%2Forig10.deviantart.net%2F44a3%2Ff%2F2015%2F191%2F8%2F0%2Fcat_snail_by_onyxiscool-d90re9l.jpg&f=1&nofb=1",
  "kommentar" : "Potensiell KjÃ¦rledyr?"
}, {
  "id" : 4,
  "name" : "ob4",
  "art" : {
    "type" : "fugl",
    "name" : "Moke",
    "latinName" : "Brakebotte",
    "rovfugl" : false,
    "kanDenFly" : true
  },
  "lokasjon" : {
    "type" : "Lokasjon",
    "name" : "Ved havet",
    "lengde" : 0.0,
    "bredde" : 0.0,
    "biom" : {
      "type" : "Tundra"
    },
    "planet" : {
      "name" : "Earth"
    }
  },
  "timestamp" : "1948-06-30T09:12:00",
  "antall" : 12,
  "bilde" : "https://external-content.duckduckgo.com/iu/?u=http%3A%2F%2Fdreamstop.com%2Fwp-content%2Fuploads%2F2016%2F08%2FSeagull-Dream.jpg&f=1&nofb=1",
  "kommentar" : "Skriker hele tiden"
}, {
  "id" : 5,
  "name" : "ob5",
  "art" : {
    "type" : "amfibi",
    "name" : "Tuler3",
    "latinName" : "Tulius",
    "antall_bein" : 2,
    "giftig" : true
  },
  "lokasjon" : {
    "type" : "Lokasjon",
    "name" : "USA",
    "lengde" : 345.0,
    "bredde" : 456.0,
    "biom" : {
      "type" : "Meditterant_biom"
    },
    "planet" : {
      "name" : "Earth"
    }
  },
  "timestamp" : "1965-01-31T06:12:00",
  "antall" : 12,
  "bilde" : "https://external-content.duckduckgo.com/iu/?u=https%3A%2F%2Fpbs.twimg.com%2Fmedia%2FCvVEcGbWEAApKXw.jpg&f=1&nofb=1",
  "kommentar" : "Skriker hele tiden"
}, {
  "id" : 6,
  "name" : "ob6",
  "art" : {
    "type" : "fugl",
    "name" : "Flyvehest",
    "latinName" : "Flyvius hestius",
    "rovfugl" : true,
    "kanDenFly" : true
  },
  "lokasjon" : {
    "type" : "Lokasjon",
    "name" : "DÃ¸den",
    "lengde" : 1.0,
    "bredde" : 23.0,
    "biom" : {
      "type" : "Steppe"
    },
    "planet" : {
      "name" : "Venus"
    }
  },
  "timestamp" : "2011-02-22T02:22:00",
  "antall" : 12,
  "bilde" : "https://external-content.duckduckgo.com/iu/?u=https%3A%2F%2Fs-media-cache-ak0.pinimg.com%2Foriginals%2F1c%2F37%2Fa8%2F1c37a8213f22e5103a0c500c380678db.jpg&f=1&nofb=1",
  "kommentar" : "Den ser kanskje morsom ut, men er kjempe dÃ¸delig"
} ]